<?xml version="1.0" encoding="UTF-8"?>
<document>
    <place>
        <id>1</id>
        <x>140</x>
        <y>260</y>
        <label>IN</label>
        <tokens>1</tokens>
        <static>false</static>
    </place>
    <place>
        <id>5</id>
        <x>460</x>
        <y>140</y>
        <label>B</label>
        <tokens>0</tokens>
        <static>false</static>
    </place>
    <place>
        <id>6</id>
        <x>460</x>
        <y>380</y>
        <label>C</label>
        <tokens>0</tokens>
        <static>false</static>
    </place>
    <place>
        <id>19</id>
        <x>940</x>
        <y>20</y>
        <label>D</label>
        <tokens>0</tokens>
        <static>false</static>
    </place>
    <place>
        <id>21</id>
        <x>940</x>
        <y>500</y>
        <label>E</label>
        <tokens>0</tokens>
        <static>false</static>
    </place>
    <place>
        <id>23</id>
        <x>780</x>
        <y>140</y>
        <label>F</label>
        <tokens>0</tokens>
        <static>false</static>
    </place>
    <place>
        <id>24</id>
        <x>780</x>
        <y>380</y>
        <label>G</label>
        <tokens>0</tokens>
        <static>false</static>
    </place>
    <place>
        <id>37</id>
        <x>1100</x>
        <y>260</y>
        <label>H</label>
        <tokens>0</tokens>
        <static>false</static>
    </place>
    <place>
        <id>42</id>
        <x>1420</x>
        <y>260</y>
        <label>OUT</label>
        <tokens>0</tokens>
        <static>false</static>
    </place>
    <place>
        <id>53</id>
        <x>780</x>
        <y>260</y>
        <label>K</label>
        <tokens>0</tokens>
        <static>false</static>
    </place>
    <place>
        <id>59</id>
        <x>460</x>
        <y>260</y>
        <label>L</label>
        <tokens>0</tokens>
        <static>false</static>
    </place>
    <transition>
        <id>2</id>
        <x>300</x>
        <y>140</y>
        <label>Iba nehnuteľnosť</label>
    </transition>
    <transition>
        <id>3</id>
        <x>300</x>
        <y>260</y>
        <label>Nehnuteľnosť a domácnosť</label>
    </transition>
    <transition>
        <id>4</id>
        <x>300</x>
        <y>380</y>
        <label>Iba domácnosť</label>
    </transition>
    <transition>
        <id>14</id>
        <x>620</x>
        <y>140</y>
        <label>Nehnuteľnosť</label>
    </transition>
    <transition>
        <id>15</id>
        <x>620</x>
        <y>380</y>
        <label>Domácnosť</label>
    </transition>
    <transition>
        <id>27</id>
        <x>940</x>
        <y>260</y>
        <label>Nehnuteľnosť a domácnosť výpočet</label>
    </transition>
    <transition>
        <id>30</id>
        <x>940</x>
        <y>140</y>
        <label>Nehnuteľnosť výpočet</label>
    </transition>
    <transition>
        <id>33</id>
        <x>940</x>
        <y>380</y>
        <label>Domácnosť výpočet</label>
    </transition>
    <transition>
        <id>36</id>
        <x>1260</x>
        <y>180</y>
        <label>Platba</label>
    </transition>
    <transition>
        <id>49</id>
        <x>1260</x>
        <y>340</y>
        <label>Expirácia</label>
    </transition>
    <transition>
        <id>96</id>
        <x>620</x>
        <y>260</y>
        <label>Základné informácie</label>
    </transition>
    <arc>
        <id>7</id>
        <type>regular</type>
        <sourceId>1</sourceId>
        <destinationId>2</destinationId>
        <multiplicity>1</multiplicity>
    </arc>
    <arc>
        <id>8</id>
        <type>regular</type>
        <sourceId>2</sourceId>
        <destinationId>5</destinationId>
        <multiplicity>1</multiplicity>
    </arc>
    <arc>
        <id>9</id>
        <type>regular</type>
        <sourceId>1</sourceId>
        <destinationId>3</destinationId>
        <multiplicity>1</multiplicity>
    </arc>
    <arc>
        <id>10</id>
        <type>regular</type>
        <sourceId>3</sourceId>
        <destinationId>5</destinationId>
        <multiplicity>1</multiplicity>
    </arc>
    <arc>
        <id>11</id>
        <type>regular</type>
        <sourceId>3</sourceId>
        <destinationId>6</destinationId>
        <multiplicity>1</multiplicity>
    </arc>
    <arc>
        <id>12</id>
        <type>regular</type>
        <sourceId>1</sourceId>
        <destinationId>4</destinationId>
        <multiplicity>1</multiplicity>
    </arc>
    <arc>
        <id>13</id>
        <type>regular</type>
        <sourceId>4</sourceId>
        <destinationId>6</destinationId>
        <multiplicity>1</multiplicity>
    </arc>
    <arc>
        <id>17</id>
        <type>regular</type>
        <sourceId>5</sourceId>
        <destinationId>14</destinationId>
        <multiplicity>1</multiplicity>
    </arc>
    <arc>
        <id>18</id>
        <type>regular</type>
        <sourceId>6</sourceId>
        <destinationId>15</destinationId>
        <multiplicity>1</multiplicity>
    </arc>
    <arc>
        <id>20</id>
        <type>regular</type>
        <sourceId>2</sourceId>
        <destinationId>19</destinationId>
        <multiplicity>1</multiplicity>
        <breakPoint>
            <x>300</x>
            <y>20</y>
        </breakPoint>
    </arc>
    <arc>
        <id>22</id>
        <type>regular</type>
        <sourceId>4</sourceId>
        <destinationId>21</destinationId>
        <multiplicity>1</multiplicity>
        <breakPoint>
            <x>300</x>
            <y>500</y>
        </breakPoint>
    </arc>
    <arc>
        <id>25</id>
        <type>regular</type>
        <sourceId>14</sourceId>
        <destinationId>23</destinationId>
        <multiplicity>1</multiplicity>
    </arc>
    <arc>
        <id>26</id>
        <type>regular</type>
        <sourceId>15</sourceId>
        <destinationId>24</destinationId>
        <multiplicity>1</multiplicity>
    </arc>
    <arc>
        <id>28</id>
        <type>regular</type>
        <sourceId>23</sourceId>
        <destinationId>27</destinationId>
        <multiplicity>1</multiplicity>
    </arc>
    <arc>
        <id>29</id>
        <type>regular</type>
        <sourceId>24</sourceId>
        <destinationId>27</destinationId>
        <multiplicity>1</multiplicity>
    </arc>
    <arc>
        <id>31</id>
        <type>regular</type>
        <sourceId>23</sourceId>
        <destinationId>30</destinationId>
        <multiplicity>1</multiplicity>
    </arc>
    <arc>
        <id>32</id>
        <type>regular</type>
        <sourceId>19</sourceId>
        <destinationId>30</destinationId>
        <multiplicity>1</multiplicity>
    </arc>
    <arc>
        <id>34</id>
        <type>regular</type>
        <sourceId>24</sourceId>
        <destinationId>33</destinationId>
        <multiplicity>1</multiplicity>
    </arc>
    <arc>
        <id>35</id>
        <type>regular</type>
        <sourceId>21</sourceId>
        <destinationId>33</destinationId>
        <multiplicity>1</multiplicity>
    </arc>
    <arc>
        <id>38</id>
        <type>regular</type>
        <sourceId>30</sourceId>
        <destinationId>37</destinationId>
        <multiplicity>1</multiplicity>
    </arc>
    <arc>
        <id>39</id>
        <type>regular</type>
        <sourceId>27</sourceId>
        <destinationId>37</destinationId>
        <multiplicity>1</multiplicity>
    </arc>
    <arc>
        <id>40</id>
        <type>regular</type>
        <sourceId>33</sourceId>
        <destinationId>37</destinationId>
        <multiplicity>1</multiplicity>
    </arc>
    <arc>
        <id>41</id>
        <type>regular</type>
        <sourceId>37</sourceId>
        <destinationId>36</destinationId>
        <multiplicity>1</multiplicity>
    </arc>
    <arc>
        <id>43</id>
        <type>regular</type>
        <sourceId>36</sourceId>
        <destinationId>42</destinationId>
        <multiplicity>1</multiplicity>
    </arc>
    <arc>
        <id>50</id>
        <type>regular</type>
        <sourceId>37</sourceId>
        <destinationId>49</destinationId>
        <multiplicity>1</multiplicity>
    </arc>
    <arc>
        <id>56</id>
        <type>regular</type>
        <sourceId>53</sourceId>
        <destinationId>30</destinationId>
        <multiplicity>1</multiplicity>
    </arc>
    <arc>
        <id>57</id>
        <type>regular</type>
        <sourceId>53</sourceId>
        <destinationId>27</destinationId>
        <multiplicity>1</multiplicity>
    </arc>
    <arc>
        <id>58</id>
        <type>regular</type>
        <sourceId>53</sourceId>
        <destinationId>33</destinationId>
        <multiplicity>1</multiplicity>
    </arc>
    <arc>
        <id>60</id>
        <type>regular</type>
        <sourceId>2</sourceId>
        <destinationId>59</destinationId>
        <multiplicity>1</multiplicity>
    </arc>
    <arc>
        <id>61</id>
        <type>regular</type>
        <sourceId>3</sourceId>
        <destinationId>59</destinationId>
        <multiplicity>1</multiplicity>
    </arc>
    <arc>
        <id>62</id>
        <type>regular</type>
        <sourceId>4</sourceId>
        <destinationId>59</destinationId>
        <multiplicity>1</multiplicity>
    </arc>
    <arc>
        <id>104</id>
        <type>regular</type>
        <sourceId>59</sourceId>
        <destinationId>96</destinationId>
        <multiplicity>1</multiplicity>
    </arc>
    <arc>
        <id>105</id>
        <type>regular</type>
        <sourceId>96</sourceId>
        <destinationId>53</destinationId>
        <multiplicity>1</multiplicity>
    </arc>
    <arc>
        <id>147</id>
        <type>regular</type>
        <sourceId>49</sourceId>
        <destinationId>42</destinationId>
        <multiplicity>1</multiplicity>
    </arc>
</document>